0.,0
0.075,0
0.15,0
0.225,0
0.3,0
0.375,0
0.45,0
0.525,0
0.6,0
0.675,0
0.75,0
0.825,0
0.9,0
0.975,0
1.05,0
1.125,0
1.2,0
1.275,0
1.35,0
1.425,0
1.5,0
1.575,0
1.65,0
1.725,0
1.8,0
1.875,0
1.95,0
2.025,0
2.1,0
2.175,0
2.25,0
2.325,0
2.4,0
2.475,0
2.55,0
2.625,0
2.7,0
2.775,0
2.85,0
2.925,0
3.,0
3.075,0
3.15,0
3.225,0
3.3,0
3.375,0
3.45,0
3.525,0
3.6,0
3.675,0
3.75,0
3.825,0
3.9,0
3.975,0
4.05,0
4.125,0
4.2,0
4.275,0
4.35,0
4.425,0
4.5,0
4.575,0
4.65,0
4.725,0
4.8,0
4.875,0
4.95,0
5.025,0
5.1,0
5.175,0
5.25,0
5.325,0
5.4,0
5.475,0
5.55,0
5.625,0.027544567568056916
5.7,0.027560884712078862
5.775,0.027576810698556123
5.85,0.02759234979176281
5.925,0.027607505832695417
6.,0.027622278441193495
6.075,0.027636666176829833
6.15,0.027650670533799694
6.225,0.027664295718901822
6.3,0.02767754091501765
6.375,0.02769040569983286
6.45,0.027702894275116983
6.525,0.027715007836307533
6.6,0.027726745317054262
6.675,0.02773810591513975
6.75,0.027749091047202683
6.825,0.027759704097788735
6.9,0.027769947346624243
6.975,0.02777982023296871
7.05,0.027789321257137362
7.125,0.02779845487386866
7.2,0.027807220539345
7.275,0.027815617843874256
7.35,0.02782365105808161
7.425,0.02783132077964785
7.5,0.02783862839805401
7.575,0.02784557408499145
7.65,0.027852156263589535
7.725,0.027858378593508766
7.8,0.02786424351048536
7.875,0.027869750552874818
7.95,0.027874898437260497
8.025,0.02787969020561686
8.1,0.02788413045768154
8.175,0.02788821989683232
8.25,0.02789195436940629
8.325,0.027895334315462924
8.4,0.027898365146708598
8.475,0.027901050619346633
8.55,0.02790338855419057
8.625,0.027905376478052597
8.7,0.027907020031117478
8.775,0.027908321752016615
8.85,0.027909276567501584
8.925,0.027909892105398987
9.,0.027910167289450543
9.075,0.027910099205360084
9.15,0.027909692649278527
9.225,0.02790895214816987
9.3,0.027907874562884818
9.375,0.027906459210820727
9.45,0.027904713145561318
9.525,0.02790263536314664
9.6,0.02790022307336711
9.675,0.02789747839263036
9.75,0.027894407610245316
9.825,0.027891008225015404
9.9,0.027887283364476385
9.975,0.0278832344257988
10.05,0.027878856964841835
10.125,0.027874157899933423
10.2,0.02786913820417919
10.275,0.027863796398813204
10.35,0.02785813452922434
10.425,0.02785215310063039
10.5,0.0278458553672672
10.575,0.02783924344587621
10.65,0.027832315706719436
10.725,0.027825072974182394
10.8,0.027817518794364733
10.875,0.027809655070077325
10.95,0.027801480254780804
11.025,0.02779299540150937
11.1,0.027784203266151674
11.175,0.02777510709860501
11.25,0.02776570787881861
11.325,0.027756000271707007
11.4,0.027745991246954493
11.475,0.02773568438737873
11.55,0.027725072091970608
11.625,0.027714165103390233
11.7,0.027702960175751003
11.775,0.027691455278718493
11.85,0.027679660620365355
11.925,0.027667568134961653
12.,0.027655182702730992
12.075,0.02764251002993482
12.15,0.02762954482533577
12.225,0.027616291689059436
12.3,0.027602750851699685
12.375,0.02758892196055322
12.45,0.02757480913004285
12.525,0.02756041391276664
12.6,0.02754573522971318
12.675,0.02753077369703769
12.75,0.02751553316893534
12.825,0.02750001451214235
12.9,0.0274842192920551
12.975,0.02746814795447253
13.05,0.027451799448309104
13.125,0.02743517742327293
13.2,0.027418283824172485
13.275,0.02740111941676674
13.35,0.027383685601923814
13.425,0.027365983403846963
13.5,0.02734801474032777
13.575,0.027329779664471178
13.65,0.02731127709827673
13.725,0.02729251377430135
13.8,0.027273488754519078
13.875,0.027254199914891874
13.95,0.02723465169581465
14.025,0.027214848156484894
14.1,0.02719478744148858
14.175,0.027174468078918174
14.25,0.02715389426873121
14.325,0.02713307031616717
14.4,0.027111993549101973
14.475,0.027090664000931804
14.55,0.027069088233479824
14.625,0.027047261845722124
14.7,0.027025188162466806
14.775,0.027002871573061478
14.85,0.026980310053325466
14.925,0.026957505257282806
15.,0.026934458251101516
15.075,0.026911170880004467
15.15,0.026887646526538297
15.225,0.026863885025889635
15.3,0.026839883875993967
15.375,0.02681564607726758
15.45,0.026791179505450527
15.525,0.02676647773540977
15.6,0.02674154338053601
15.675,0.02671638125302399
15.75,0.026690989315941292
15.825,0.026665368539490007
15.9,0.026639522508938134
15.975,0.026613452694937097
16.05,0.026587157862567806
16.125,0.02656064268691808
16.2,0.026533904791272975
16.275,0.026506944544771732
16.35,0.026479770251418046
16.425,0.026452378685205412
16.5,0.026424769055176003
16.575,0.026396944547744453
16.65,0.026368908131376864
16.725,0.026340658396262453
16.8,0.026312197906919983
16.875,0.026283528869065
16.95,0.02625464998280949
17.025,0.026225564550195472
17.1,0.02619627500420753
17.175,0.026166781248386076
17.25,0.026137082667368826
17.325,0.02610718311382935
17.4,0.026077082638400754
17.475,0.02604678140006004
17.55,0.02601628309825159
17.625,0.0259855886428381
17.7,0.02595469953507264
17.775,0.025923616360415607
17.85,0.025892338376980496
17.925,0.025860868742418337
18.,0.025829209929151383
18.075,0.02579736168974041
18.15,0.025765323364309083
18.225,0.025733101019471412
18.3,0.02570069380265777
18.375,0.025668100284277368
18.45,0.02563532458871181
18.525,0.025602367543798295
18.6,0.02556923070966031
18.675,0.025535914504335303
18.75,0.02550241814433436
18.825,0.025468746970002194
18.9,0.025434902511173127
18.975,0.025400882947469814
19.05,0.025366688144422677
19.125,0.025332324138648558
19.2,0.025297789504155156
19.275,0.02526308389828094
19.35,0.025228213285966458
19.425,0.025193173982555155
19.5,0.025157968970855253
19.575,0.025122602189769368
19.65,0.025087072019310368
19.725,0.025051379917054008
19.8,0.025015527265811716
19.875,0.02497951519691572
19.95,0.024943344989159108
20.025,0.02490701723272778
20.1,0.024870535328578965
20.175,0.0248339001484655
20.25,0.024797108879067505
20.325,0.02476016709175828
20.4,0.024723075427947307
20.475,0.024685833805458902
20.55,0.02464844582718411
20.625,0.024610910671538835
20.7,0.024573229008562965
20.775,0.02453540226497599
20.85,0.02449743142082205
20.925,0.02445931974027166
21.,0.02442106768788928
21.075,0.024382674752686812
21.15,0.02434414249780443
21.225,0.024305474260865496
21.3,0.024266669897913536
21.375,0.024227729902166744
21.45,0.024188657639470017
21.525,0.024149451948823106
21.6,0.024110114952914992
21.675,0.024070648848144034
21.75,0.024031052658261755
21.825,0.023991327365277107
21.9,0.02395147559979004
21.975,0.023911499418843657
22.05,0.023871399602203233
22.125,0.023831178308616956
22.2,0.023790833103054985
22.275,0.02375036484362574
22.35,0.02370978039650574
22.425,0.02366907662117202
22.5,0.023628255138824633
22.575,0.023587318154257814
22.65,0.023546264436029064
22.725,0.023505099195143632
22.8,0.023463822351371136
22.875,0.023422431768910342
22.95,0.023380929337041247
23.025,0.023339320132377266
23.1,0.023297603186694625
23.175,0.023255777669977173
23.25,0.023213847197551908
23.325,0.023171810360026333
23.4,0.02312967023588533
23.475,0.02308743013468114
23.55,0.023045088849877955
23.625,0.02300264575744576
23.7,0.022960102904642753
23.775,0.02291746260724316
23.85,0.022874725573216438
23.925,0.02283189292405934
24.,0.02278896577253263
24.075,0.022745945179538197
24.15,0.0227028322307409
24.225,0.0226596279639112
24.3,0.022616333576296402
24.375,0.022572949920447775
24.45,0.022529477981472475
24.525,0.02248592107633411
24.6,0.022442278061017236
24.675,0.022398548225108575
24.75,0.02235473488033387
24.825,0.022310838378600914
24.9,0.02226686147278233
24.975,0.02222280503911014
25.05,0.02217866668495673
25.125,0.0221344511987267
25.2,0.022090159032889727
25.275,0.022045790347377282
25.35,0.02200134829553797
25.425,0.021956830057212613
25.5,0.02191223823788264
25.575,0.021867575985320353
25.65,0.021822842043120773
25.725,0.02177803772949277
25.8,0.021733163862773932
25.875,0.021688221986093693
25.95,0.02164321464181967
26.025,0.021598140883327056
26.1,0.02155300255579307
26.175,0.021507801530714247
26.25,0.021462536992598414
26.325,0.021417209696651465
26.4,0.021371822201386628
26.475,0.02132637572857104
26.55,0.021280869521545225
26.625,0.021235306522710547
26.7,0.021189686777893874
26.775,0.021144010602465173
26.85,0.02109828081973395
26.925,0.02105249645140518
27.,0.02100665933767353
27.075,0.02096077115363045
27.15,0.020914831043294405
27.225,0.020868841415406323
27.3,0.02082280405853245
27.375,0.020776718970306814
27.45,0.02073058578342899
27.525,0.020684407279339335
27.6,0.02063818355406
27.675,0.020591914779784205
27.75,0.02054560361859682
27.825,0.02049925076383633
27.9,0.020452857322521365
27.975,0.020406423755094816
28.05,0.020359949588858294
28.125,0.020313437088444446
28.2,0.02026688803144152
28.275,0.02022030228439952
28.35,0.020173679425130972
28.425,0.020127023740090462
28.5,0.020080334671265517
28.575,0.0200336112378861
28.65,0.019986856352517884
28.725,0.01994007073396666
28.8,0.01989325510282408
28.875,0.019846410455988363
28.95,0.01979953764118773
29.025,0.01975263742235573
29.1,0.019705711065362293
29.175,0.01965875875657125
29.25,0.019611780002622932
29.325,0.019564778650141522
29.4,0.01951775524291838
29.475,0.01947070943548389
29.55,0.019423642573259636
29.625,0.019376553617618454
29.7,0.019329445139509484
29.775,0.019282319567199283
29.85,0.019235175904653366
29.925,0.019188014706999178
30.,0.019140838508625548
30.075,0.019093647769943583
30.15,0.019046440526180673
30.225,0.018999220972825245
30.3,0.01895198837051449
30.375,0.018904742255548383
30.45,0.01885748660692102
30.525,0.01881022041873855
30.6,0.018762945085717776
30.675,0.01871566218666652
30.75,0.018668370940480412
30.825,0.018621072349767825
30.9,0.018573767040694314
30.975,0.01852645620779573
31.05,0.018479141870127006
31.125,0.018431823582155397
31.2,0.01838450142438429
31.275,0.018337176962660677
31.35,0.018289852095014637
31.425,0.018242526007515265
31.5,0.018195200162558232
31.575,0.018147876004665033
31.65,0.018100552813070003
31.725,0.018053231252526298
31.8,0.01800591296288405
31.875,0.017958599529430082
31.95,0.017911291514580405
32.025,0.01786398818988444
32.1,0.017816691156964794
32.175,0.017769401597545562
32.25,0.017722118760350233
32.325,0.01767484491898056
32.4,0.017627580148944794
32.475,0.017580324465945645
32.55,0.017533080002297002
32.625,0.017485847619798694
32.7,0.017438626888530158
32.775,0.017391418157630612
32.85,0.017344223420333146
32.925,0.017297043540811463
33.,0.017249878073116873
33.075,0.01720272739540434
33.15,0.017155593490208024
33.225,0.017108476826837117
33.3,0.017061378329390652
33.375,0.017014298125291392
33.45,0.016967235699675294
33.525,0.016920194485426185
33.6,0.016873173962379005
33.675,0.01682617324794073
33.75,0.016779194642660644
33.825,0.01673223867825667
33.9,0.01668530578642565
33.975,0.01663839683740675
34.05,0.01659151249414849
34.125,0.01654465187188097
34.2,0.016497817012394313
34.275,0.01645100994491002
34.35,0.01640422981007975
34.425,0.016357475829370693
34.5,0.01631075021137727
34.575,0.0162640547318442
34.65,0.01621738850674862
34.725,0.016170752265002517
34.8,0.016124146719551563
34.875,0.016077572394867467
34.95,0.01603102991112503
35.025,0.01598451983931022
35.1,0.015938042830403724
35.175,0.015891599359367077
35.25,0.01584518996579857
35.325,0.01579881644002905
35.4,0.015752478868040022
35.475,0.015706176957887577
35.55,0.01565991153925848
35.625,0.015613683225152965
35.7,0.015567492295877632
35.775,0.015521339770493612
35.85,0.015475227206948
35.925,0.015429153755337589
36.,0.015383120827232475
36.075,0.015337129036343154
36.15,0.015291176679162594
36.225,0.015245266382661524
36.3,0.015199399489993052
36.375,0.015153575790214015
36.45,0.015107795013717215
36.525,0.015062057506480344
36.6,0.015016364713585006
36.675,0.01497071746082796
36.75,0.014925115146456213
36.825,0.01487955820249177
36.9,0.014834047848347411
36.975,0.014788585268373155
37.05,0.014743170814991772
37.125,0.014697803807102547
37.2,0.014652485416792916
37.275,0.014607216530860882
37.35,0.014561996456214893
37.425,0.014516826629942298
37.5,0.014471708076861553
37.575,0.014426640642552425
37.65,0.014381623930893648
37.725,0.014336659619622046
37.8,0.014291747615285726
37.875,0.014246887875162277
37.95,0.014202081992819892
38.025,0.014157330262440183
38.1,0.014112633258011634
38.175,0.01406799110870148
38.25,0.014023403338677366
38.325,0.013978871373947838
38.4,0.01393439586065682
38.475,0.013889977159946222
38.55,0.013845615807704171
38.625,0.013801310890318979
38.7,0.01375706425948718
38.775,0.01371287701304109
38.85,0.013668747426593823
38.925,0.013624676957196703
39.,0.013580666387393282
39.075,0.013536715864839524
39.15,0.013492825870534842
39.225,0.01344899679472134
39.3,0.013405229019380443
39.375,0.013361522947811177
39.45,0.013317878968898036
39.525,0.013274297400475725
39.6,0.01323077885800549
39.675,0.013187323316175448
39.75,0.013143930291150059
39.825,0.01310060179697219
39.9,0.013057339004595004
39.975,0.013014141369579617
40.05,0.01297100773595854
40.125,0.01292793913355185
40.2,0.01288493722717851
40.275,0.012842002012964187
40.35,0.012799132094942886
40.425,0.012756329726793417
40.5,0.012713595236246477
40.575,0.012670927972524577
40.65,0.01262832852312967
40.725,0.01258579815572128
40.8,0.012543336775360132
40.875,0.012500944078326814
40.95,0.01245862060297499
41.025,0.012416366460396174
41.1,0.012374182660106333
41.175,0.012332069820823273
41.25,0.012290027333993508
41.325,0.01224805537801594
41.4,0.012206155088983334
41.475,0.012164326904301068
41.55,0.012122570194815685
41.625,0.012080886239186054
41.7,0.012039275061783653
41.775,0.01199773620597195
41.85,0.011956270154714968
41.925,0.011914877893478957
42.,0.011873560002838306
42.075,0.011832316410653501
42.15,0.011791146705110321
42.225,0.011750051083901893
42.3,0.011709030361011886
42.375,0.011668085353392628
42.45,0.011627216209551094
42.525,0.011586422249115366
42.6,0.01154570434447319
42.675,0.011505062928239352
42.75,0.011464497282274843
42.825,0.011424009749255514
42.9,0.011383598926468142
42.975,0.011343264159649168
43.05,0.011303008384192209
43.125,0.011262830037891653
43.2,0.011222729335668721
43.275,0.01118270734243046
43.35,0.011142764008203064
43.425,0.01110289975912629
43.5,0.011063114190540544
43.575,0.011023407274989867
43.65,0.010983780065363803
43.725,0.010944232648632117
43.8,0.010904765377814016
43.875,0.010865378148612978
43.95,0.010826070438045371
44.025,0.010786843971262764
44.1,0.010747698982485905
44.175,0.01070863468689041
44.25,0.010669650836023241
44.325,0.010630748124164972
44.4,0.01059192769916957
44.475,0.01055318959110604
44.55,0.010514532572185306
44.625,0.010475957379965293
44.7,0.01043746528357525
44.775,0.010399056131868709
44.85,0.010360728677133595
44.925,0.010322484853708066
45.,0.010284324019973869
45.075,0.010246245656220976
45.15,0.010208251576199425
45.225,0.010170341156226842
45.3,0.010132514258196683
45.375,0.010094771250699448
45.45,0.01005711223271615
45.525,0.010019537200967942
45.6,0.009982046895057326
45.675,0.009944641665580308
45.75,0.009907320904591578
45.825,0.009870084855692731
45.9,0.009832933564143432
45.975,0.009795867385212478
46.05,0.00975888708682536
46.125,0.00972199211901189
46.2,0.009685182433858996
46.275,0.009648458253851733
46.35,0.009611819645032705
46.425,0.009575267244326516
46.5,0.00953880166809395
46.575,0.009502422320370718
46.65,0.009466128096916514
46.725,0.009429921425165123
46.8,0.009393801406656329
46.875,0.009357766960180692
46.95,0.009321819835987124
47.025,0.009285960083662117
47.1,0.009250187331704083
47.175,0.009214501210434264
47.25,0.009178901854144163
47.325,0.009143390985057082
47.4,0.009107967252041573
47.475,0.009072630145591214
47.55,0.009037381936415716
47.625,0.009002220387047254
47.7,0.008967146508010903
47.775,0.008932161481271659
47.85,0.008897263757552603
47.925,0.00886245431635609
48.,0.008827732753919935
48.075,0.008793099141645284
48.15,0.008758554881737097
48.225,0.00872409784473847
48.3,0.008689729083967803
48.375,0.00865544964403794
48.45,0.008621258001502341
48.525,0.008587155642485815
48.6,0.008553142263273352
48.675,0.008519216813761136
48.75,0.008485379622618971
48.825,0.008451631863794428
48.9,0.008417973556484283
48.975,0.008384403984623368
49.05,0.008350922814166405
49.125,0.008317530692447214
49.2,0.008284227653403276
49.275,0.008251013896799452
49.35,0.008217890037005078
49.425,0.008184854898970684
49.5,0.008151908592812404
49.575,0.008119051705430291
49.65,0.008086284086229193
49.725,0.008053605761868712
49.8,0.008021016807942583
49.875,0.007988517161476265
49.95,0.007956106815537057
50.025,0.007923786511912046
50.1,0.00789155557887724
50.175,0.007859413371878624
50.25,0.007827360612853568
50.325,0.007795397847115238
50.4,0.0077635247818758826
50.475,0.007731741028973001
50.55,0.007700046706719607
50.625,0.007668441850849096
50.7,0.007636926281718002
50.775,0.007605500290546884
50.85,0.007574164391084826
50.925,0.007542917177903256
51.,0.007511759758130899
51.075,0.007480692713933004
51.15,0.0074497142225085885
51.225,0.007418825464185481
51.3,0.007388026473577092
51.375,0.007357316601737466
51.45,0.007326695988443531
51.525,0.00729616519137651
51.6,0.007265723832284308
51.675,0.007235371687475148
51.75,0.007205109316802927
51.825,0.007174936207310105
51.9,0.007144852053748225
51.975,0.0071148571336367835
52.05,0.007084951843904751
52.125,0.007055135570743358
52.2,0.007025408446229214
52.275,0.006995770868160592
52.35,0.006966222679030071
52.425,0.0069367634153896665
52.5,0.0069073928557439775
52.575,0.006878111159060374
52.65,0.006848918685349797
52.725,0.006819815461770509
52.8,0.006790800998095325
52.875,0.006761875111864591
52.95,0.006733038263884021
53.025,0.006704290335300837
53.1,0.006675631294419856
53.175,0.006647060991334829
53.25,0.006618578946228306
53.325,0.006590184913431472
53.4,0.0065618796727812635
53.475,0.006533663393887935
53.55,0.0065055349932276975
53.625,0.006477494909544785
53.7,0.006449543259375855
53.775,0.006421679835978442
53.85,0.006393904600392151
53.925,0.006366217568555718
54.,0.006338618312394285
54.075,0.006311106559910096
54.15,0.006283682701778682
54.225,0.0062563472122346185
54.3,0.0062290993973571854
54.375,0.006201938715387385
54.45,0.006174865665720549
54.525,0.006147880114771007
54.6,0.006120981931441484
54.675,0.006094171058629098
54.75,0.006067447398176561
54.825,0.006040810851763029
54.9,0.0060142613600412745
54.975,0.0059877987757525454
55.05,0.005961422985211947
55.125,0.00593513445280671
55.2,0.005908932556887033
55.275,0.005882816696979073
55.35,0.005856787322806498
55.425,0.00583084474846723
55.5,0.005804988643611851
55.575,0.005779218607179273
55.65,0.005753534626467159
55.725,0.005727936614158739
55.8,0.005702424367279413
55.875,0.00567699793982192
55.95,0.005651657598221399
56.025,0.005626402819515418
56.1,0.005601233399385651
56.175,0.005576149264562854
56.25,0.005551150260896047
56.325,0.005526236753339117
56.4,0.005501408326397412
56.475,0.005476664768011452
56.55,0.005452006446339893
56.625,0.0054274321980206115
56.7,0.005402942720725145
56.775,0.005378538351392669
56.85,0.005354217627615934
56.925,0.005329981235148801
57.,0.005305829387254475
57.075,0.005281761660003498
57.15,0.005257777646408631
57.225,0.005233877180535052
57.3,0.005210060387560748
57.375,0.005186327398626115
57.45,0.0051626780281569876
57.525,0.0051391117112472105
57.6,0.005115628577917088
57.675,0.005092228625153442
57.75,0.005068911281979051
57.825,0.005045676912115637
57.9,0.005022525055293103
57.975,0.004999455603891909
58.05,0.004976469211214359
58.125,0.004953564434204605
58.2,0.004930741701667048
58.275,0.004908001508431724
58.35,0.004885342785196976
58.425,0.004862765768599842
58.5,0.004840270571456646
58.575,0.004817856765709585
58.65,0.004795523896850281
58.725,0.004773272642862961
58.8,0.004751102478801487
58.875,0.004729012851525208
58.95,0.0047070041162066275
59.025,0.0046850756278863405
59.1,0.004663227628271691
59.175,0.0046414603972605864
59.25,0.004619773329110608
59.325,0.004598165962393336
59.4,0.004576638241443372
59.475,0.004555190410851522
59.55,0.0045338225633652545
59.625,0.004512533872818931
59.7,0.004491324151685291
59.775,0.004470193722043539
59.85,0.004449142642447287
59.925,0.004428170100209412
60.,0.004407275899513406
60.075,0.004386460365765425
60.15,0.004365723557739912
60.225,0.0043450645430571045
60.3,0.0043244835832253305
60.375,0.004303980771279042
60.45,0.004283555189959904
60.525,0.004263207412143802
60.6,0.004242937168132855
60.675,0.004222744119729231
60.75,0.004202628512638882
60.825,0.004182589440205355
60.9,0.004162627042023616
60.975,0.004142741559798768
61.05,0.004122932389581308
61.125,0.004103199420699843
61.2,0.004083542454465188
61.275,0.00406396141418948
61.35,0.004044456419261195
61.425,0.004025027016369623
61.5,0.004005672875695537
61.575,0.003986394011494754
61.65,0.003967190513783296
61.725,0.00394806184752328
61.8,0.003929008001660794
61.875,0.003910028964677766
61.95,0.0038911242259049433
62.025,0.003872293570433269
62.1,0.00385353711130858
62.175,0.0038348547275779362
62.25,0.0038162459253556795
62.325,0.0037977108089633682
62.4,0.003779249337151581
62.475,0.0037608611907161025
62.55,0.0037425459583114206
62.625,0.0037243034363211086
62.7,0.003706133640661371
62.775,0.003688036583684967
62.85,0.0036700120454067273
62.925,0.003652059547777351
63.,0.003634179023073222
63.075,0.003616370534979962
63.15,0.0035986338474940246
63.225,0.003580968459977865
63.3,0.0035633744008571736
63.375,0.0035458515592415966
63.45,0.0035283994248125885
63.525,0.003511018459189126
63.6,0.0034937081946277665
63.675,0.0034764681336909953
63.75,0.0034592984838063274
63.825,0.003442198653602583
63.9,0.0034251688518810147
63.975,0.0034082090689505516
64.05,0.00339131850733094
64.125,0.0033744976222814696
64.2,0.003357746000899773
64.275,0.0033410630948514258
64.35,0.0033244490852761613
64.425,0.0033079038314787427
64.5,0.0032914268460652154
64.575,0.0032750179820598977
64.65,0.003258677561933043
64.725,0.003242405103660191
64.8,0.003226200395348759
64.875,0.003210063195349327
64.95,0.003193993056965318
65.025,0.0031779903200303125
65.1,0.0031620547609506507
65.175,0.0031461859485447446
65.25,0.0031303837721695436
65.325,0.0031146480318125632
65.4,0.0030989785524779914
65.475,0.0030833751184612423
65.55,0.0030678375286447746
65.625,0.0030523659308087387
65.7,0.0030369597747668432
65.775,0.0030216186995476358
65.85,0.003006343054904503
65.925,0.002991132407390202
66.,0.0029759864067042453
66.075,0.0029609050452207514
66.15,0.0029458883400723
66.225,0.002930935579264274
66.3,0.002916046741852767
66.375,0.0029012220519732965
66.45,0.0028864612196449154
66.525,0.0028717635664869618
66.6,0.0028571290910581965
66.675,0.002842557995669767
66.75,0.0028280499969688994
66.825,0.00281360441934754
66.9,0.002799221274115975
66.975,0.002784900729145689
67.05,0.002770642492047638
67.125,0.0027564461871733325
67.2,0.0027423115472091156
67.275,0.0027282384741359024
67.35,0.0027142269638904724
67.425,0.002700276841250013
67.5,0.0026863877841730856
67.575,0.002672559427541388
67.65,0.00265879160249194
67.725,0.0026450846493178107
67.8,0.002631437964041962
67.875,0.0026178510264492846
67.95,0.0026043241727201757
68.025,0.002590857155007421
68.1,0.0025774497872640438
68.175,0.002564101827043428
68.25,0.002550812882917372
68.325,0.002537582960271375
68.4,0.0025244119741311263
68.475,0.0025112996151368887
68.55,0.002498245517503027
68.625,0.0024852496770073947
68.7,0.002472312021568259
68.775,0.002459432217549269
68.85,0.0024466098917153576
68.925,0.002433845321523548
69.,0.0024211381143120943
69.075,0.0024084878242162247
69.15,0.0023958945403864864
69.225,0.002383358034090923
69.3,0.002370878147199468
69.375,0.0023584546124866866
69.45,0.0023460870493344508
69.525,0.0023337756611727383
69.6,0.0023215202865120984
69.675,0.0023093204465242925
69.75,0.0022971758246940477
69.825,0.0022850866887042195
69.9,0.0022730525977860423
69.975,0.0022610732186015134
70.05,0.0022491488104014476
70.125,0.0022372787088406716
70.2,0.0022254629443023157
70.275,0.002213701494742532
70.35,0.0022019937288489055
70.425,0.002190339870244842
70.5,0.002178739724000059
70.575,0.0021671929069060044
70.65,0.0021556992919666462
70.725,0.002144258697686403
70.8,0.002132870892364756
70.875,0.002121535761445378
70.95,0.0021102532830184393
71.025,0.002099023087481282
71.1,0.0020878449494063393
71.175,0.002076718695620025
71.25,0.00206564412046141
71.325,0.002054621282003519
71.4,0.00204364974082499
71.475,0.002032729169119479
71.55,0.002021859769257666
71.625,0.0020110413547660727
71.7,0.0020002735922579756
71.775,0.001989556213975746
71.85,0.0019788890642433825
71.925,0.001968271928213372
72.,0.001957704727670665
72.075,0.0019471873957343094
72.15,0.001936719718903788
72.225,0.001926301372598482
72.3,0.001915932099256195
72.375,0.001905611809115151
72.45,0.0018953404668353724
72.525,0.0018851176865417704
72.6,0.0018749433842901286
72.675,0.0018648174509402887
72.75,0.0018547395124916708
72.825,0.001844709542314533
72.9,0.0018347274475986363
72.975,0.0018247929460856892
73.05,0.001814905718160113
73.125,0.0018050657782718103
73.2,0.0017952728569166645
73.275,0.0017855266939092267
73.35,0.0017758272921137217
73.425,0.001766174446898912
73.5,0.0017565679982313117
73.575,0.001747007718008748
73.65,0.001737493281723186
73.725,0.001728024656943336
73.8,0.0017186017415283961
73.875,0.0017092242734501747
73.95,0.0016998919462666582
74.025,0.0016906046884494156
74.1,0.001681362530813947
74.175,0.0016721652504533412
74.25,0.0016630123753663111
74.325,0.0016539039381038316
74.4,0.0016448396493552642
74.475,0.0016358193243561693
74.55,0.001626843104509006
74.625,0.0016179104597028305
74.7,0.001609021340898987
74.775,0.001600175784411562
74.85,0.0015913734142284515
74.925,0.0015826139268425735
75.,0.0015738971881720516
75.075,0.0015652231987230627
75.15,0.0015565918927346
75.225,0.0015480027716403843
75.3,0.0015394557980085303
75.375,0.001530950998018377
75.45,0.001522488009718388
75.525,0.001514066502303019
75.6,0.0015056864669079472
75.675,0.0014973479339470655
75.75,0.0014890506813528537
75.825,0.0014807943581025523
75.9,0.0014725789823818527
75.975,0.0014644045184098863
76.05,0.0014562706105332997
76.125,0.001448177227307624
76.2,0.001440124246627051
76.275,0.0014321114596477441
76.35,0.0014241387029299904
76.425,0.001416205895101738
76.5,0.0014083130136851544
76.575,0.0014004598957661455
76.65,0.0013926462279161018
76.725,0.0013848719802547827
76.8,0.0013771369892310262
76.875,0.0013694411110308957
76.95,0.0013617843050462712
77.025,0.0013541662150189948
77.1,0.0013465868332744092
77.175,0.0013390461226783588
77.25,0.0013315437348456222
77.325,0.0013240796389407043
77.4,0.0013166536752527607
77.475,0.0013092656956231637
77.55,0.0013019156557340975
77.625,0.0012946032150679143
77.7,0.0012873283264330428
77.775,0.001280091008313815
77.85,0.0012728910367536736
77.925,0.0012657281152782557
78.,0.0012586021121956835
78.075,0.001251512983842261
78.15,0.0012444606392434448
78.225,0.0012374449093817677
78.3,0.0012304655882359819
78.375,0.0012235225597784852
78.45,0.0012166157652756596
78.525,0.0012097448656978752
78.6,0.0012029098399350207
78.675,0.001196110647072849
78.75,0.0011893469561613038
78.825,0.001182618681519618
78.9,0.001175925829681038
78.975,0.0011692681745323172
79.05,0.0011626453134522335
79.125,0.0011560574450023714
79.2,0.0011495043895633408
79.275,0.0011429858900358337
79.35,0.0011365019284777446
79.425,0.0011300521712512969
79.5,0.001123636589497967
79.575,0.0011172551398084523
79.65,0.0011109074996060958
79.725,0.001104593593760441
79.8,0.0010983133812963507
79.875,0.001092066713508619
79.95,0.0010858533143188105
80.025,0.0010796729461421404
80.1,0.0010735257469863236
80.175,0.0010674116202785393
80.25,0.0010613300347112353
80.325,0.0010552811739860668
80.4,0.0010492649037858463
80.475,0.0010432809174145113
80.55,0.0010373290913576422
80.625,0.001031409330140547
80.7,0.0010255215860153345
80.775,0.0010196657046083123
80.85,0.0010138414082335758
80.925,0.001008048645170758
81.,0.0010022872675829052
81.075,0.0009965571209651903
81.15,0.0009908581431098944
81.225,0.000985190170885854
81.3,0.000979553009730509
81.375,0.0009739465474951573
81.45,0.0009683707186281918
81.525,0.0009628252153910465
81.6,0.0009573100159783292
81.675,0.000951825052954869
81.75,0.0009463700223146208
81.825,0.0009409450159970446
81.9,0.000935549734571205
81.975,0.0009301839643930828
82.05,0.0009248478720922608
82.125,0.0009195410776371231
82.2,0.0009142634031939952
82.275,0.0009090148319667977
82.35,0.0009037952622973416
82.425,0.0008986045120829852
82.5,0.0008934425018008586
82.575,0.0008883091123810925
82.65,0.0008832040842458406
82.725,0.000878127237213939
82.8,0.0008730785546693682
82.875,0.0008680579949666527
82.95,0.0008630653691414049
83.025,0.0008581005241953047
83.1,0.0008531633198972394
83.175,0.0008482535855215425
83.25,0.000843371164213015
83.325,0.0008385160901973378
83.4,0.000833688204108649
83.475,0.0008288872476965204
83.55,0.0008241130906927002
83.625,0.0008193658003362199
83.7,0.0008146450851939961
83.775,0.0008099507571107871
83.85,0.000805282963065194
83.925,0.000800641325044004
84.,0.0007960257748645818
84.075,0.0007914362837257837
84.15,0.0007868725731234054
84.225,0.0007823346015677424
84.3,0.0007778222144232658
84.375,0.0007733353134454212
84.45,0.0007688739238063463
84.525,0.0007644377135601903
84.6,0.000760026529200329
84.675,0.0007556403457348257
84.75,0.0007512790708052098
84.825,0.0007469425367353595
84.9,0.0007426306752590511
84.975,0.000738343366067775
85.05,0.0007340803708598509
85.125,0.0007298416395718932
85.2,0.0007256270442869621
85.275,0.0007214364514670616
85.35,0.0007172698029446641
85.425,0.000713126957415656
85.5,0.0007090077541340905
85.575,0.0007049120869338783
85.65,0.0007008398927150234
85.725,0.0006967910018964874
85.8,0.000692765367526733
85.875,0.0006887628390362401
85.95,0.0006847831096522342
86.025,0.000680826279197712
86.1,0.0006768922990172176
86.175,0.0006729809556310944
86.25,0.0006690920546991744
86.325,0.0006652255455751261
86.4,0.000661381304382148
86.475,0.0006575592066564461
86.55,0.000653759196682968
86.625,0.0006499811403722973
86.7,0.0006462248876644856
86.775,0.0006424903349796121
86.85,0.0006387774215171635
86.925,0.0006350860140379688
87.,0.000631415971102069
87.075,0.0006277671801257128
87.15,0.0006241395775889734
87.225,0.0006205331371799069
87.3,0.0006169476125265903
87.375,0.0006133828213980845
87.45,0.0006098388083773634
87.525,0.0006063154154242146
87.6,0.0006028125711383523
87.675,0.000599330178894955
87.75,0.0005958680278949139
87.825,0.0005924260529788459
87.9,0.0005890042199899126
87.975,0.0005856024095559011
88.05,0.0005822204218915983
88.125,0.0005788581900872778
88.2,0.000575515687459909
88.275,0.0005721927841578876
88.35,0.0005688892784521635
88.425,0.0005656052310647323
88.5,0.0005623404172191113
88.575,0.0005590946808743439
88.65,0.000555868140258508
88.725,0.0005526605005947123
88.8,0.0005494716843524771
88.875,0.0005463017088938275
88.95,0.0005431504231931145
89.025,0.0005400175967155632
89.1,0.0005369032920220683
89.175,0.0005338074512227771
89.25,0.0005307297191861766
89.325,0.000527670212229211
89.4,0.0005246288219765435
89.475,0.0005216053695123686
89.55,0.0005185998329052012
89.625,0.0005156120750131943
89.7,0.0005126420392918626
89.775,0.0005096896340354982
89.85,0.0005067546695932108
89.925,0.000503837114212127
90.,0.0005009368479089336
90.075,0.0004980538012869241
90.15,0.0004951879966275119
90.225,0.0004923391605727154
90.3,0.00048950725423976
90.375,0.0004866922484442357
90.45,0.0004838939371980885
90.525,0.00048111235497523693
90.6,0.00047834739573696854
90.675,0.0004755988743848034
90.75,0.0004728667023972478
90.825,0.0004701509099700117
90.9,0.0004674513646030091
90.975,0.0004647679235669723
91.05,0.00046210056142390954
91.125,0.0004594491532440032
91.2,0.00045681364734636215
91.275,0.0004541939627538546
91.35,0.0004515899254206279
91.425,0.0004490014829042405
91.5,0.00044642861545314116
91.575,0.000443871217882576
91.65,0.00044132912146065557
91.725,0.0004388023589907322
91.8,0.00043629082841846765
91.875,0.0004337943597032497
91.95,0.0004313128712227231
92.025,0.0004288463752941306
92.1,0.00042639481559148375
92.175,0.00042395805267725356
92.25,0.0004215359389034424
92.325,0.00041912844170456323
92.4,0.00041673547673101003
92.475,0.00041435694956895504
92.55,0.0004119928225567111
92.625,0.0004096430623885328
92.7,0.0004073075507620512
92.775,0.00040498613918505717
92.85,0.0004026787450645935
92.925,0.0004003854005023525
93.,0.0003981059885476323
93.075,0.00039584038228743907
93.15,0.00039358856257331383
93.225,0.00039135041773997526
93.3,0.0003891259088528758
93.375,0.00038691495826817155
93.45,0.00038471740775089915
93.525,0.00038253329151217963
93.6,0.00038036252007576953
93.675,0.0003782049368447843
93.75,0.00037606046898552045
93.825,0.0003739291487900755
93.9,0.0003718108653879928
93.975,0.0003697054979661859
94.05,0.00036761302966325534
94.125,0.00036553336036578753
94.2,0.00036346643479910965
94.275,0.00036141221399391994
94.35,0.0003593706044389177
94.425,0.0003573414508162154
94.5,0.00035532473512731326
94.575,0.0003533204516648306
94.65,0.00035132849349008087
94.725,0.00034934878833497047
94.8,0.00034738123131448077
94.875,0.0003454257844623075
94.95,0.00034348247142408194
95.025,0.0003415510815577722
95.1,0.00033963157726554603
95.175,0.0003377239691499846
95.25,0.0003358281497639824
95.325,0.0003339440460344931
95.4,0.00033207157231166743
95.475,0.00033021066666872256
95.55,0.00032836130154642075
95.625,0.00032652338620405333
95.7,0.00032469687721600933
95.775,0.00032288173339039167
95.85,0.00032107786759325566
95.925,0.0003192852082946245
96.,0.0003175036714369743
96.075,0.00031573319936912186
96.15,0.0003139737664256
96.225,0.0003122252811154041
96.3,0.0003104877172358596
96.375,0.00030876101035714267
96.45,0.00030704502612055986
96.525,0.0003053398099936768
96.6,0.00030364525904308295
96.675,0.0003019612919035351
96.75,0.00030028795066158867
96.825,0.0002986250371415307
96.9,0.00029697253306827534
96.975,0.00029533042900748926
97.05,0.00029369857913161225
97.125,0.0002920770257811183
97.2,0.0002904656889586607
97.275,0.00028886445875132843
97.35,0.00028727332682851607
97.425,0.00028569227470630695
97.5,0.00028412121217921417
97.575,0.00028256002852718425
97.65,0.0002810086656013654
97.725,0.0002794671455269516
97.8,0.0002779354346254324
97.875,0.00027641343388776283
97.95,0.00027490103718870603
98.025,0.0002733982197235309
98.1,0.0002719049636553244
98.175,0.0002704212266806045
98.25,0.0002689469389467225
98.325,0.00026748202460175194
98.4,0.000266026467567931
98.475,0.0002645802109356873
98.55,0.0002631431359519471
98.625,0.0002617152855897332
98.7,0.000260296582764142
98.775,0.000258886933452575
98.85,0.00025748633505442444
98.925,0.0002560947131235964
99.,0.0002547120351626492
99.075,0.00025333827300797195
99.15,0.00025197335650991296
99.225,0.0002506172285057816
99.3,0.00024926982552812095
99.375,0.0002479310972016241
99.45,0.0002466010256362708
99.525,0.00024527960355586397
99.6,0.00024396674028800885
99.675,0.00024266235920238907
99.75,0.0002413664561403694
99.825,0.00024007895794242093
99.9,0.00023879984741860953
99.975,0.0002375290784928937
100.05,0.0002362665414166848
100.125,0.00023501226701427223
100.2,0.00023376623425907752
100.275,0.00023252835441278048
100.35,0.00023129853620246351
100.425,0.00023007676071856397
100.5,0.00022886302128847342
100.575,0.00022765727655891241
100.65,0.000226459464567371
100.725,0.00022526959789388398
100.8,0.00022408754764707863
100.875,0.0002229132433898275
100.95,0.00022174677491133894
101.025,0.00022058802573572296
101.1,0.0002194369658269463
101.175,0.000218293563633164
101.25,0.00021715771210580476
101.325,0.00021602945591087965
101.4,0.00021490873390683603
101.475,0.00021379546069084894
101.55,0.00021268963786444072
101.625,0.00021159125720843493
101.7,0.00021050025383867831
101.775,0.00020941653337032705
101.85,0.00020834005149585207
101.925,0.00020727090925766212
102.,0.0002062089758439036
102.075,0.00020515414444501008
102.15,0.00020410651560129667
102.225,0.00020306599455031856
102.3,0.00020203249641922581
102.375,0.00020100601713266914
102.45,0.00019998658315882218
102.525,0.00019897410424035488
102.6,0.00019796851449808866
102.675,0.00019696978627095445
102.75,0.0001959779069177522
102.825,0.00019499287700053568
102.9,0.00019401462243448736
102.975,0.0001930430805587789
103.05,0.0001920782542989431
103.125,0.00019112008791928256
103.2,0.0001901685611564945
103.275,0.00018922365914403295
103.35,0.00018828532980018592
103.425,0.0001873535202514485
103.5,0.00018642822522546733
103.575,0.00018550941047637984
103.65,0.00018459698721422506
103.725,0.00018369095937320127
103.8,0.00018279127947765656
103.875,0.00018189785571954542
103.95,0.00018101061945453764
104.025,0.00018012957659956915
104.1,0.00017925467094890456
104.175,0.00017838582903331482
104.25,0.00017752302103345003
104.325,0.00017666621409464584
104.4,0.00017581534087914713
104.475,0.00017497033936571076
104.55,0.00017413117914916897
104.625,0.00017329781668510674
104.7,0.0001724702315075481
104.775,0.00017164835635002657
104.85,0.0001708320805415142
104.925,0.0001700214517044328
105.,0.0001692164373128576
105.075,0.0001684169493966741
105.15,0.00016762292985602554
105.225,0.00016683434585568216
105.3,0.0001660511620867121
105.375,0.0001652733467508517
105.45,0.0001645008673437838
105.525,0.00016373365074770493
105.6,0.0001629716468522331
105.675,0.00016221485402227083
105.75,0.0001614631688709543
105.825,0.00016071666587391228
105.9,0.00015997523639026473
105.975,0.00015923879153538408
106.05,0.00015850740403495489
106.125,0.00015778095218061978
106.2,0.00015705940232854966
106.275,0.00015634276633908495
106.35,0.00015563097357278543
106.425,0.00015492392917279018
106.5,0.00015422166691895231
106.575,0.00015352417075459153
106.65,0.00015283129913521175
106.725,0.000152143121422033
106.8,0.00015145957341610147
106.875,0.00015078052111097416
106.95,0.0001501060938770038
107.025,0.00014943618088935086
107.1,0.0001487707473750485
107.175,0.0001481097603115862
107.25,0.0001474531885654543
107.325,0.00014680098692324624
107.4,0.00014615311628909838
107.475,0.0001455095525684935
107.55,0.0001448702703556957
107.625,0.00014423520985093672
107.7,0.00014360444601359
107.775,0.0001429778168394529
107.85,0.00014235532581797898
107.925,0.00014173690837014836
108.,0.00014112256985033622
108.075,0.00014051229981263687
108.15,0.00013990603359407766
108.225,0.00013930375741108705
108.3,0.00013870544324882293
108.375,0.00013811104680739428
108.45,0.00013752053136097082
108.525,0.00013693387413458793
108.6,0.00013635105245505768
108.675,0.00013577203224135318
108.75,0.00013519676399294825
108.825,0.00013462527424342068
108.9,0.00013405748918519995
108.975,0.00013349336135898412
109.05,0.0001329329463410376
109.125,0.00013237611015310367
109.2,0.0001318228532748582
109.275,0.00013127321871972682
109.35,0.00013072706663594722
109.425,0.0001301844710704707
109.5,0.00012964537916541213
109.575,0.00012910976265768624
109.65,0.00012857752872614376
109.725,0.0001280487538138563
109.8,0.00012752335568400196
109.875,0.00012700125744837646
109.95,0.00012648253156888776
110.025,0.00012596711829387667
110.1,0.00012545498599863275
110.175,0.00012494611531438005
110.25,0.00012444042131808428
110.325,0.00012393793549986463
110.4,0.00012343862694066057
110.475,0.00012294248011849093
110.55,0.00012244948087960993
110.625,0.00012195953815374612
110.7,0.00012147267164258071
110.775,0.00012098890442472043
110.85,0.00012050817851307308
110.925,0.00012003045144640782
111.,0.00011955569141120156
111.075,0.0001190838947751198
111.15,0.0001186151937884001
111.225,0.00011814924747739473
111.3,0.00011768617640234817
111.375,0.00011722600760540125
111.45,0.00011676873280269849
111.525,0.00011631420853953349
111.6,0.00011586248507314753
111.675,0.00011541359477736455
111.75,0.00011496740442084843
111.825,0.00011452398050335762
111.9,0.0001140832765644168
111.975,0.00011364523904596338
112.05,0.00011320990231722859
112.125,0.00011277720955787723
112.2,0.00011234714532976037
112.275,0.00011191969241494508
112.35,0.00011149480267600398
112.425,0.00011107250708042407
112.5,0.00011065274578567101
112.575,0.00011023548632282842
112.65,0.0001098207889739495
112.725,0.00010940857132877592
112.8,0.00010899879324375463
112.875,0.00010859146137544217
112.95,0.00010818657047117294
113.025,0.00010778406978275704
113.1,0.00010738395185439077
113.175,0.00010698623968047572
113.25,0.00010659095395641554
113.325,0.00010619793811866845
113.4,0.00010580721626037014
113.475,0.00010541878723790345
113.55,0.00010503265477707489
113.625,0.00010464877828914534
113.7,0.00010426714936443756
113.775,0.00010388775711187724
113.85,0.00010351055342583628
113.925,0.0001031355251559493
114.,0.00010276266408209012
114.075,0.00010239195765041092
114.15,0.00010202339932114529
114.225,0.0001016569590567904
114.3,0.00010129261013990735
114.375,0.00010093034642788692
114.45,0.00010057015777316197
114.525,0.00010021199624352323
114.6,0.00009985586646367193
114.675,0.00009950178101757198
114.75,0.0000991497000466585
114.825,0.00009879932060023825
114.9,0.0000984511634735005
114.975,0.00009810497929312532
115.05,0.00009776072365299895
115.125,0.00009741840248256054
115.2,0.00009707797529457446
115.275,0.00009673942279710138
115.35,0.00009640276702653261
115.425,0.00009606819122490337
115.5,0.00009573522689008902
115.575,0.00009540406737118834
115.65,0.00009507474343992996
115.725,0.00009474725545627991
115.8,0.00009442153938874833
115.875,0.0000940975601883704
115.95,0.00009377534959190688
116.025,0.00009345487229642948
116.1,0.00009313610811265693
116.175,0.00009281905362041772
116.25,0.00009250369889252536
116.325,0.00009219004264087017
116.4,0.00009187805718578854
116.475,0.0000915677127961258
116.55,0.00009125900866711499
116.625,0.00009095193516483418
116.7,0.00009064646865718378
116.775,0.00009034258855493243
116.85,0.00009004029032332716
116.925,0.00008973960972912502
117.,0.00008944046487982643
117.075,0.00008914282076427182
117.15,0.00008884677075173954
117.225,0.0000885522150294602
117.3,0.00008825913777051025
117.375,0.00008796757571071656
117.45,0.00008767750614569147
117.525,0.00008738889857595752
117.6,0.00008710175297651017
117.675,0.00008681604633353417
117.75,0.00008653174258011247
117.825,0.00008624887194715383
117.9,0.00008596741520550866
117.975,0.00008568733637147976
118.05,0.00008540863985037403
118.125,0.00008513021119904663
118.2,0.00008485537612007023
118.275,0.00008458075292463337
118.35,0.0000843074657719778
118.425,0.00008403547116801429
118.5,0.00008376481119352421
118.575,0.00008349548826648744
118.65,0.00008322740198842377
118.725,0.00008296058231125353
118.8,0.0000826950417303287
118.875,0.000082430769817207
118.95,0.00008216776000168663
119.025,0.00008190594175275255
119.1,0.00008164534391423033
119.175,0.00008138598506011337
119.25,0.00008112779842609069
119.325,0.00008087078848939067
119.4,0.00008061495227493634
119.475,0.00008036028684918809
119.55,0.0000801067866469032
119.625,0.00007985440991515221
119.7,0.0000796031790060623
119.775,0.00007935288973030813
119.85,0.0000791038793063381
119.925,0.00007885597553709112
120.,0.00007860919616500281
120.075,0.00007836350386650532
120.15,0.00007811884679599721
120.225,0.00007787528225071646
120.3,0.00007763278404771863
120.375,0.0000773914578748923
120.45,0.00007715109175226428
120.525,0.00007691165380486974
120.6,0.00007667324006296354
120.675,0.00007643583270081918
120.75,0.0000761994030206549
120.825,0.00007596395377422322
120.9,0.00007572948149233664
120.975,0.00007549598195667387
121.05,0.0000752634476406805
121.125,0.00007503183787172402
121.2,0.00007480118468368988
121.275,0.00007457147600243357
121.35,0.0000743426252393576
121.425,0.0000741147177607689
121.5,0.00007388774393623153
121.575,0.00007366164364211816
121.65,0.00007343639974134493
121.725,0.0000732120268344696
121.8,0.00007298854039963658
121.875,0.00007276586187870949
121.95,0.00007254409388691586
122.025,0.0000723231346764038
122.1,0.00007210303095909603
122.175,0.00007188378316059095
122.25,0.00007166530347427589
122.325,0.00007144765347743038
122.4,0.00007123081477485932
122.475,0.00007101473852051131
122.55,0.000070799430765457
122.625,0.00007058491322332688
122.7,0.00007037118083370286
122.775,0.00007015820396141113
122.85,0.00006994596148289545
122.925,0.00006973447678431709
123.,0.00006952373282989261
123.075,0.00006931370696240308
123.15,0.00006910440802072389
123.225,0.00006889581228472544
123.3,0.0000686879109725733
123.375,0.0000684806998809948
123.45,0.00006827417278812629
123.525,0.0000680683700101486
123.6,0.00006786322888047287
123.675,0.00006765871333421621
123.75,0.00006745488685165747
123.825,0.0000672516935846592
123.9,0.00006704913558035273
123.975,0.00006684723984440719
124.05,0.00006664598993053584
124.125,0.00006644533417721675
124.2,0.00006624527955489804
124.275,0.00006604585071017735
124.35,0.00006584703750835796
124.425,0.00006564881428017423
124.5,0.00006545117232138253
124.575,0.00006525411504382953
124.65,0.00006505763941987673
124.725,0.0000648617249934129
124.8,0.00006466636645795417
124.875,0.00006447156090702069
124.95,0.0000642771799669832
125.025,0.0000640834584908927
125.1,0.00006389027412069568
125.175,0.0000636976364995346
125.25,0.00006350552391006581
125.325,0.00006331391165371683
125.4,0.0000631228042196804
125.475,0.0000629322036581419
125.55,0.00006274209241430939
125.625,0.00006255253089915073
125.7,0.00006236339191034975
125.775,0.0000621747374400154
125.85,0.00006198654374959053
125.925,0.0000617988137346219
126.,0.00006161154560699554
126.075,0.00006142473287740241
126.15,0.00006123837582196343
126.225,0.00006105246257521042
126.3,0.000060866957672518045
126.375,0.000060681867755534967
126.45,0.00006049724241716486
126.525,0.00006031300424404759
126.6,0.000060129166711722775
126.675,0.00005994575880130293
126.75,0.0000597627465609797
126.825,0.000059580137736996954
126.9,0.00005939792577655698
126.975,0.00005921607877356094
127.05,0.0000590345759493076
127.125,0.00005885347449796842
127.2,0.00005867275075536543
127.275,0.00005849237939769557
127.35,0.00005831238924695986
127.425,0.00005813272532000831
127.5,0.00005795339906960037
127.575,0.00005777442265778272
127.65,0.00005759576370784239
127.725,0.0000574174594596562
127.8,0.00005723947664281098
127.875,0.00005706178605997344
127.95,0.000056884489056070875
128.025,0.000056707430898138315
128.1,0.00005653067051280002
128.175,0.00005635421437049505
128.25,0.00005617805832061839
128.325,0.00005600217034258968
128.4,0.000055826570506118
128.475,0.000055651263267222746
128.55,0.000055476203597632706
128.625,0.00005530141102381036
128.7,0.00005512689931896911
128.775,0.00005495264751032215
128.85,0.00005477862173901346
128.925,0.00005460487034599724
129.,0.000054431370179478055
129.075,0.00005425809033853941
129.15,0.000054085040217007826
129.225,0.000053912212879397203
129.3,0.00005373961210514616
129.375,0.000053567222008522796
129.45,0.00005339506232883563
129.525,0.00005322309759300466
129.6,0.00005305136230412676
129.675,0.00005287984473009197
129.75,0.000052708479351372944
129.825,0.000052537300865743115
129.9,0.000052366365268358806
129.975,0.000052195581091629205
130.05,0.00005202498932984519
130.125,0.00005185459370777211
130.2,0.000051684348579270336
130.275,0.000051514246404665926
130.35,0.00005134433866739653
130.425,0.00005117457823854535
130.5,0.00005100496589399073
130.575,0.00005083551531188804
130.65,0.000050666205516289905
130.725,0.00005049703934120258
130.8,0.00005032799447550503
130.875,0.00005015907819861076
130.95,0.000049990312137217976
131.025,0.00004982163657049076
131.1,0.000049653055625616276
131.175,0.000049484648691431845
131.25,0.000049316309884193074
131.325,0.00004914808832956404
131.4,0.00004897998382580911
131.475,0.000048811979569271364
131.55,0.00004864408460798666
131.625,0.00004847626528762188
131.7,0.00004830855019206467
131.775,0.000048140965988218414
131.85,0.000047973479996240776
131.925,0.00004780608663713505
132.,0.0000476388130897277
132.075,0.000047471664029045407
132.15,0.00004730461664381454
132.225,0.000047137712320068225
132.3,0.00004697094759572253
132.375,0.000046804303257925087
132.45,0.00004663778039457282
132.525,0.000046471406442041064
132.6,0.00004630516155671956
132.675,0.00004613904849237052
132.75,0.00004597311423079983
132.825,0.000045807301491666726
132.9,0.000045641633274324045
132.975,0.00004547613790647829
133.05,0.00004531077871287397
133.125,0.00004514558363064008
133.2,0.00004498055574682494
133.275,0.00004481569730051935
133.35,0.00004465102793268431
133.425,0.000044486498255406505
133.5,0.000044322135934591234
133.575,0.000044157961686449066
133.65,0.000043993940905276513
133.725,0.00004383012712429771
133.8,0.00004366649603986998
133.875,0.000043503024900505384
133.95,0.00004333976269971586
134.025,0.00004317668669112976
134.1,0.000043013780477228286
134.175,0.00004285106607922769
134.25,0.00004268857360703513
134.325,0.00004252625910752084
134.4,0.000042364147527290836
134.475,0.000042202259950996574
134.55,0.000042040562987721774
134.625,0.00004187906250112293
134.7,0.00004171776688735423
134.775,0.000041556694899659435
134.85,0.000041395863265275486
134.925,0.00004123522350303505
135.,0.0000410748299888412
135.075,0.000040914635802531576
135.15,0.000040754646634700554
135.225,0.00004059489082471335
135.3,0.00004043535486800381
135.375,0.000040276034954220025
135.45,0.00004011696843345795
135.525,0.00003995812906863471
135.6,0.000039799506793403036
135.675,0.00003964115834740635
135.75,0.00003948302355101755
135.825,0.000039325129558952156
135.9,0.00003916748240552155
135.975,0.00003901007834032795
136.05,0.000038852936107326
136.125,0.000038696040382420244
136.2,0.00003853938083133563
136.275,0.00003838296392527853
136.35,0.00003822680614575849
136.425,0.00003807090553947309
136.5,0.000037915252468937356
136.575,0.00003775985172020483
136.65,0.00003760468842488555
136.725,0.00003744981142072155
136.8,0.00003729519359928135
136.875,0.00003714084905109751
136.95,0.000036986771772851615
137.025,0.000036832956956243166
137.1,0.00003667941743630353
137.175,0.00003652615974151457
137.25,0.00003637316439518389
137.325,0.000036220421591786976
137.4,0.00003606796601635127
137.475,0.00003591580415908039
137.55,0.000035763893326303016
137.625,0.00003561227752517936
137.7,0.000035460948609391534
137.775,0.00003530988887333086
137.85,0.000035159119714243645
137.925,0.00003500864016811358
138.,0.00003485845111080892
138.075,0.00003470854780316561
138.15,0.000034558927097915836
138.225,0.00003440958902895132
138.3,0.00003426054619678036
138.375,0.00003411180415761028
138.45,0.000033963356293591005
138.525,0.00003381520485668171
138.6,0.00003366735095905899
138.675,0.000033519789283320405
138.75,0.00003337252061388531
138.825,0.00003322556786758844
138.9,0.00003307890806956186
138.975,0.000032932540378209785
139.05,0.00003278650503002678
139.125,0.000032640754279545066
139.2,0.00003249529909328062
139.275,0.000032350171115495844
139.35,0.000032205365400871094
139.425,0.00003206086147301261
139.5,0.00003191666062415391
139.575,0.000031772774389130714
139.65,0.000031629198555699915
139.725,0.00003148595726038544
139.8,0.00003134302706436398
139.875,0.00003120037459950953
139.95,0.00003105808410650316
140.025,0.000030916097220838774
140.1,0.000030774432548086366
140.175,0.00003063310701726637
140.25,0.000030492073703034773
140.325,0.00003035136833355536
140.4,0.0000302110057365044
140.475,0.000030071014263643446
140.55,0.000029931290327448347
140.625,0.000029791888262729992
140.7,0.00002965282898667977
140.775,0.00002951410984771952
140.85,0.000029375711097687392
140.925,0.000029237554836260013
141.,0.000029099800322332935
141.075,0.000028962385802334237
141.15,0.00002882530450350332
141.225,0.00002868855400911077
141.3,0.000028552149618458438
141.375,0.00002841608977772712
141.45,0.000028280353490959537
141.525,0.000028144964156736116
141.6,0.00002800990592904547
141.675,0.000027875174083015418
141.75,0.0000277408046027729
141.825,0.000027606775700785112
141.9,0.000027473078943043914
141.975,0.000027339723813106128
142.05,0.000027206741389179822
142.125,0.0000270740826239329
142.2,0.000026941770327106863
142.275,0.000026809801026273883
142.35,0.00002667817640098311
142.425,0.00002654689291246032
142.5,0.00002641595861431391
142.575,0.000026285384503478224
142.65,0.000026153365283213452
142.725,0.000026025303678189253
142.8,0.00002589578954109294
142.875,0.000025766624193541757
142.95,0.000025637827800172497
143.025,0.000025509377859331348
143.1,0.000025381276291108234
143.175,0.000025253524228353002
143.25,0.00002512615585356444
143.325,0.000024999125256565417
143.4,0.000024872444670198675
143.475,0.000024746144883060495
143.55,0.000024620214039345446
143.625,0.000024494629939760314
143.7,0.000024369400152902983
143.775,0.00002424453859961082
143.85,0.00002412003860850945
143.925,0.000023995894596863537
144.,0.000023872122222746922
144.075,0.000023748721458269893
144.15,0.00002362566992162495
144.225,0.000023502986151998257
144.3,0.00002338067022697541
144.375,0.000023258724822579073
144.45,0.000023137166752971547
144.525,0.00002301597640828352
144.6,0.00002289514136809134
144.675,0.000022774669452272706
144.75,0.000022654575845224505
144.825,0.000022534850367671656
144.9,0.00002241551010885305
144.975,0.000022296551989759783
145.05,0.000022177937388772976
145.125,0.000022059726680607195
145.2,0.000021941888269861937
145.275,0.000021824395214262165
145.35,0.000021707305515069177
145.425,0.000021590597835389044
145.5,0.00002147426037209814
145.575,0.00002135829937658584
145.65,0.00002124272561630961
145.725,0.000021127541761919122
145.8,0.000021012732680263107
145.875,0.000020898290113066737
145.95,0.000020784230426791244
146.025,0.000020670569962462054
146.1,0.000020557293313325522
146.175,0.000020444484402869544
146.25,0.00002033198369642306
146.325,0.00002021985219126787
146.4,0.000020108112032216282
146.475,0.00001999677322426826
146.55,0.000019885693236154567
146.625,0.000019775107068898896
146.7,0.00001966492319279047
146.775,0.000019555136168196624
146.85,0.00001944574704345163
146.925,0.000019336727521288187
147.,0.00001922810571500535
147.075,0.00001911989027816889
147.15,0.000019012036451402108
147.225,0.000018904600342339833
147.3,0.000018797568256336714
147.375,0.00001869091359718123
147.45,0.000018584662269711124
147.525,0.000018478805066816558
147.6,0.000018373350907897176
147.675,0.000018268305832287482
147.75,0.000018163651023706216
147.825,0.00001805937976759973
147.9,0.000017955514251961188
147.975,0.000017852072802383518
148.05,0.00001774903420182998
148.125,0.000017646366287659055
148.2,0.00001754411241697859
148.275,0.00001744228715909297
148.35,0.000017340829351473778
148.425,0.000017239791886938004
148.5,0.000017139178263589867
148.575,0.00001703896538347581
148.65,0.000016939158345923438
148.725,0.00001683975219748605
148.8,0.000016740754562493996
148.875,0.000016642177488703708
148.95,0.000016544018376188567
149.025,0.000016446202067415722
149.1,0.000016348845443704686
149.175,0.000016251919545190962
149.25,0.000016155397879975186
149.325,0.00001605929998613335
149.4,0.000015963679921004277
149.475,0.00001586839969922951
149.55,0.000015773539135824377
149.625,0.000015679119260819587
149.7,0.000015585110020695486
149.775,0.000015491497987742315
149.85,0.000015398320823966772
149.925,0.000015305572846573403
150.,0.000015213249809572217
